{
    "functions": {
        "api/*.php": {
            "runtime": "vercel-php@0.7.3",
            "memory": 512
        }
    },
    "routes": [
        {
            "src": "/public/(.*)",
            "dest": "/public/$1"
        },
        {
            "src": "/templates/(.*)",
            "dest": "/templates/$1"
        },
        {
            "src": "/(.*\\.css)",
            "dest": "/$1"
        },
        {
            "src": "/(.*\\.js)",
            "dest": "/$1"
        },
        {
            "src": "/(.*\\.png|.*\\.jpg|.*\\.ico|.*\\.svg)",
            "dest": "/$1"
        },
        {
            "src": "/(.*)",
            "dest": "/api/index.php"
        }
    ]
}